Workbook
Name Department: S_P_D!$F$3:$F$12
Name Name: S_P_D!$A$3:$A$12
Name Score: Table3[Score]
Name Slicer_Department: #N/A

Sheet S_P_D
A1: Student Performance Dashboard
A2: Name | B2: Age | C2: City | D2: Score | E2: Result | F2: Department | G2: Vlookup | H2: Xlookup | I2: Last Name | J2: First Name | K2: Full Name | L2: Email Address | M2: Home Address | N2: Floor | O2: Extension | P2: Wing | Q2: Column3 | R2: Column4 | S2: Date Enrolled | T2: Days | U2: Month | V2: Year | W2: Number of Days Joined | X2: Months Joined | Y2: Years Joined | AA2: Yusuf Titiola
A3: Pistis Essang | B3: 22 | C3: Uyo | D3: 77 | E3: =IF(D3>=70,"A",IF(D3>=60,"B",IF(D3>=50,"C",IF(D3>=45,"D","F")))) -> A | F3: HR | G3: =IFERROR(VLOOKUP(D3,Grades_sheet!$A$1:$B$6,2,TRUE),"Missing") -> A | H3: =_xlfn.XLOOKUP(E3,E2:E12,E2:E12) -> A | I3: essang | J3: Pistis | K3: =PROPER(_xlfn.CONCAT(J3," ",I3)) -> Pistis Essang | L3: =LOWER(J3&"."&I3&"@gmail.com") -> pistis.essang@gmail.com | M3: 02-East 2018 | N3: =LEFT(M3,2) -> 02 | O3: =RIGHT(M3,4) -> 2018 | P3: =MID(M3,4,FIND(" ",M3)-4) -> East | Q3: =FIND(" ",M3)-4 -> 4 | R3: =LEN(M3) -> 12 | S3: 44596 | T3: =DAY(S3) -> 4 | U3: =MONTH(S3) -> 2 | V3: =YEAR(S3) -> 2022 | W3: =TODAY()-S3 -> 1538 | X3: =(TODAY()-S3)/12 -> 128.16667 | Y3: =(TODAY()-S3)/365 -> 4.2136986
A4: Bolaji Pelumi | B4: 23 | C4: Ife | D4: 55 | E4: =IF(D4>=70,"A",IF(D4>=60,"B",IF(D4>=50,"C",IF(D4>=45,"D","F")))) -> C | F4: Tech | G4: =IFERROR(VLOOKUP(D4,Grades_sheet!$A$1:$B$6,2,TRUE),"Missing") -> C | H4: =_xlfn.XLOOKUP(E4,E3:E13,E3:E13) -> C | I4: PElumi | J4: Bolaji | K4: =PROPER(_xlfn.CONCAT(J4," ",I4)) -> Bolaji Pelumi | L4: =LOWER(J4&"."&I4&"@gmail.com") -> bolaji.pelumi@gmail.com | M4: 03-West 2020 | N4: =LEFT(M4,2) -> 03 | O4: =RIGHT(M4,4) -> 2020 | P4: =MID(M4,4,FIND(" ",M4)-4) -> West | Q4: =FIND(" ",M4)-4 -> 4 | R4: =LEN(M4) -> 12 | S4: 45051 | T4: =DAY(S4) -> 5 | U4: =MONTH(S4) -> 5 | V4: =YEAR(S4) -> 2023 | W4: =TODAY()-S4 -> 1083 | X4: =(TODAY()-S4)/12 -> 90.25 | Y4: =(TODAY()-S4)/365 -> 2.9671233
A5: Yusuf Titiola | B5: 25 | C5: Ilorin | D5: 49 | E5: =IF(D5>=70,"A",IF(D5>=60,"B",IF(D5>=50,"C",IF(D5>=45,"D","F")))) -> D | F5: Finance | G5: =IFERROR(VLOOKUP(D5,Grades_sheet!$A$1:$B$6,2,TRUE),"Missing") -> D | H5: =_xlfn.XLOOKUP(E5,E4:E14,E4:E14) -> D | I5: TitiolA | J5: Yusuf | K5: =PROPER(_xlfn.CONCAT(J5," ",I5)) -> Yusuf Titiola | L5: =LOWER(J5&"."&I5&"@gmail.com") -> yusuf.titiola@gmail.com | M5: 01-North 2016 | N5: =LEFT(M5,2) -> 01 | O5: =RIGHT(M5,4) -> 2016 | P5: =MID(M5,4,FIND(" ",M5)-4) -> North | Q5: =FIND(" ",M5)-4 -> 5 | R5: =LEN(M5) -> 13 | S5: 44322 | T5: =DAY(S5) -> 6 | U5: =MONTH(S5) -> 5 | V5: =YEAR(S5) -> 2021 | W5: =TODAY()-S5 -> 1812 | X5: =(TODAY()-S5)/12 -> 151 | Y5: =(TODAY()-S5)/365 -> 4.9643836
A6: Pedric Chima | B6: 27 | C6: Aba | D6: 63 | E6: =IF(D6>=70,"A",IF(D6>=60,"B",IF(D6>=50,"C",IF(D6>=45,"D","F")))) -> B | F6: HR | G6: =IFERROR(VLOOKUP(D6,Grades_sheet!$A$1:$B$6,2,TRUE),"Missing") -> B | H6: =_xlfn.XLOOKUP(E6,E5:E15,E5:E15) -> B | I6: Chioma | J6: Pedric | K6: =PROPER(_xlfn.CONCAT(J6," ",I6)) -> Pedric Chioma | L6: =LOWER(J6&"."&I6&"@gmail.com") -> pedric.chioma@gmail.com | M6: 02-South 2020 | N6: =LEFT(M6,2) -> 02 | O6: =RIGHT(M6,4) -> 2020 | P6: =MID(M6,4,FIND(" ",M6)-4) -> South | Q6: =FIND(" ",M6)-4 -> 5 | R6: =LEN(M6) -> 13 | S6: 45537 | T6: =DAY(S6) -> 2 | U6: =MONTH(S6) -> 9 | V6: =YEAR(S6) -> 2024 | W6: =TODAY()-S6 -> 597 | X6: =(TODAY()-S6)/12 -> 49.75 | Y6: =(TODAY()-S6)/365 -> 1.6356164
A7: Kendrick Ekpeyong | B7: 26 | C7: Calabar | D7: 80 | E7: =IF(D7>=70,"A",IF(D7>=60,"B",IF(D7>=50,"C",IF(D7>=45,"D","F")))) -> A | F7: Tech | G7: =IFERROR(VLOOKUP(D7,Grades_sheet!$A$1:$B$6,2,TRUE),"Missing") -> A | H7: =_xlfn.XLOOKUP(E7,E6:E16,E6:E16) -> A | I7: Ekpeyong | J7: Kendrick | K7: =PROPER(_xlfn.CONCAT(J7," ",I7)) -> Kendrick Ekpeyong | L7: =LOWER(J7&"."&I7&"@gmail.com") -> kendrick.ekpeyong@gmail.com | M7: 03-East 2018 | N7: =LEFT(M7,2) -> 03 | O7: =RIGHT(M7,4) -> 2018 | P7: =MID(M7,4,FIND(" ",M7)-4) -> East | Q7: =FIND(" ",M7)-4 -> 4 | R7: =LEN(M7) -> 12 | S7: 44687 | T7: =DAY(S7) -> 6 | U7: =MONTH(S7) -> 5 | V7: =YEAR(S7) -> 2022 | W7: =TODAY()-S7 -> 1447 | X7: =(TODAY()-S7)/12 -> 120.58333 | Y7: =(TODAY()-S7)/365 -> 3.9643836
A8: Kezia David | B8: 24 | C8: Ikeja | D8: 45 | E8: =IF(D8>=70,"A",IF(D8>=60,"B",IF(D8>=50,"C",IF(D8>=45,"D","F")))) -> D | F8: Finance | G8: =IFERROR(VLOOKUP(D8,Grades_sheet!$A$1:$B$6,2,TRUE),"Missing") -> D | H8: =_xlfn.XLOOKUP(E8,E7:E17,E7:E17) -> D | I8: David | J8: Kezia | K8: =PROPER(_xlfn.CONCAT(J8," ",I8)) -> Kezia David | L8: =LOWER(J8&"."&I8&"@gmail.com") -> kezia.david@gmail.com | M8: 02-West 2021 | N8: =LEFT(M8,2) -> 02 | O8: =RIGHT(M8,4) -> 2021 | P8: =MID(M8,4,FIND(" ",M8)-4) -> West | Q8: =FIND(" ",M8)-4 -> 4 | R8: =LEN(M8) -> 12 | S8: 43377 | T8: =DAY(S8) -> 4 | U8: =MONTH(S8) -> 10 | V8: =YEAR(S8) -> 2018 | W8: =TODAY()-S8 -> 2757 | X8: =(TODAY()-S8)/12 -> 229.75 | Y8: =(TODAY()-S8)/365 -> 7.5534247
A9: Michal Saul | B9: 24 | C9: Rivers | D9: 36 | E9: =IF(D9>=70,"A",IF(D9>=60,"B",IF(D9>=50,"C",IF(D9>=45,"D","F")))) -> F | F9: HR | G9: =IFERROR(VLOOKUP(D9,Grades_sheet!$A$1:$B$6,2,TRUE),"Missing") -> F | H9: =_xlfn.XLOOKUP(E9,E8:E18,E8:E18) -> F | I9: Saul | J9: Michal | K9: =PROPER(_xlfn.CONCAT(J9," ",I9)) -> Michal Saul | L9: =LOWER(J9&"."&I9&"@gmail.com") -> michal.saul@gmail.com | M9: 01-North 2014 | N9: =LEFT(M9,2) -> 01 | O9: =RIGHT(M9,4) -> 2014 | P9: =MID(M9,4,FIND(" ",M9)-4) -> North | Q9: =FIND(" ",M9)-4 -> 5 | R9: =LEN(M9) -> 13 | S9: 43658 | T9: =DAY(S9) -> 12 | U9: =MONTH(S9) -> 7 | V9: =YEAR(S9) -> 2019 | W9: =TODAY()-S9 -> 2476 | X9: =(TODAY()-S9)/12 -> 206.33333 | Y9: =(TODAY()-S9)/365 -> 6.7835616
A10: Dinah Jacob | B10: 26 | C10: Osogbo | D10: 43 | E10: =IF(D10>=70,"A",IF(D10>=60,"B",IF(D10>=50,"C",IF(D10>=45,"D","F")))) -> F | F10: Tech | G10: =IFERROR(VLOOKUP(D10,Grades_sheet!$A$1:$B$6,2,TRUE),"Missing") -> F | H10: =_xlfn.XLOOKUP(E10,E9:E19,E9:E19) -> F | I10: Jacob | J10: Dinah | K10: =PROPER(_xlfn.CONCAT(J10," ",I10)) -> Dinah Jacob | L10: =LOWER(J10&"."&I10&"@gmail.com") -> dinah.jacob@gmail.com | M10: 02-South 2019 | N10: =LEFT(M10,2) -> 02 | O10: =RIGHT(M10,4) -> 2019 | P10: =MID(M10,4,FIND(" ",M10)-4) -> South | Q10: =FIND(" ",M10)-4 -> 5 | R10: =LEN(M10) -> 13 | S10: 45140 | T10: =DAY(S10) -> 2 | U10: =MONTH(S10) -> 8 | V10: =YEAR(S10) -> 2023 | W10: =TODAY()-S10 -> 994 | X10: =(TODAY()-S10)/12 -> 82.833333 | Y10: =(TODAY()-S10)/365 -> 2.7232877
A11: Andrew Peter | B11: 25 | C11: Calabar | D11: 65 | E11: =IF(D11>=70,"A",IF(D11>=60,"B",IF(D11>=50,"C",IF(D11>=45,"D","F")))) -> B | F11: Finance | G11: =IFERROR(VLOOKUP(D11,Grades_sheet!$A$1:$B$6,2,TRUE),"Missing") -> B | H11: =_xlfn.XLOOKUP(E11,E10:E20,E10:E20) -> B | I11: Peter | J11: Andrew | K11: =PROPER(_xlfn.CONCAT(J11," ",I11)) -> Andrew Peter | L11: =LOWER(J11&"."&I11&"@gmail.com") -> andrew.peter@gmail.com | M11: 01-North 2020 | N11: =LEFT(M11,2) -> 01 | O11: =RIGHT(M11,4) -> 2020 | P11: =MID(M11,4,FIND(" ",M11)-4) -> North | Q11: =FIND(" ",M11)-4 -> 5 | R11: =LEN(M11) -> 13 | S11: 43833 | T11: =DAY(S11) -> 3 | U11: =MONTH(S11) -> 1 | V11: =YEAR(S11) -> 2020 | W11: =TODAY()-S11 -> 2301 | X11: =(TODAY()-S11)/12 -> 191.75 | Y11: =(TODAY()-S11)/365 -> 6.3041096
A12: Mauton Joshua | B12: 24 | C12: Uyo | D12: 55 | E12: =IF(D12>=70,"A",IF(D12>=60,"B",IF(D12>=50,"C",IF(D12>=45,"D","F")))) -> C | F12: HR | G12: =IFERROR(VLOOKUP(D12,Grades_sheet!$A$1:$B$6,2,TRUE),"Missing") -> C | H12: =_xlfn.XLOOKUP(E12,E11:E21,E11:E21) -> C | I12: Joshua | J12: Mauton | K12: =PROPER(_xlfn.CONCAT(J12," ",I12)) -> Mauton Joshua | L12: =LOWER(J12&"."&I12&"@gmail.com") -> mauton.joshua@gmail.com | M12: 02-West 2017 | N12: =LEFT(M12,2) -> 02 | O12: =RIGHT(M12,4) -> 2017 | P12: =MID(M12,4,FIND(" ",M12)-4) -> West | Q12: =FIND(" ",M12)-4 -> 4 | R12: =LEN(M12) -> 12 | S12: 45698 | T12: =DAY(S12) -> 10 | U12: =MONTH(S12) -> 2 | V12: =YEAR(S12) -> 2025 | W12: =TODAY()-S12 -> 436 | X12: =(TODAY()-S12)/12 -> 36.333333 | Y12: =(TODAY()-S12)/365 -> 1.1945205
C14: Total | D14: =SUM(D3:D12) -> 568 | G14: Department | H14: Sum | I14: Total | J14: Average | L14: Score | M14: Department
A15: {=SUMIF(Department,F3,Score)} -> 231 | C15: Average | D15: =AVERAGE(D3:D12) -> 56.8 | G15: HR | H15: =SUMIF(F3:F12,F3,D3:D12) -> 231 | I15: =COUNTIF(F3:F12,"HR") -> 4 | J15: =AVERAGEIF(F3:F12,F3,D3:D12) -> 57.75 | L15: >60 | M15: HR
A16: {=AVERAGEIF(Department,F3,Score)} -> 57.75 | C16: Min | D16: =MIN(D3:D12) -> 36 | G16: Tech | H16: =SUMIF(F3:F12,F4,D3:D12) -> 178 | I16: =COUNTIF(F4:F13,"Tech") -> 3 | J16: =AVERAGEIF(F3:F12,F4,D3:D12) -> 59.333333
A17: =COUNTIF(Department,F3) -> 4 | C17: Max | D17: =MAX(D3:D12) -> 80 | G17: Finance | H17: =SUMIF(F3:F12,F5,D3:D12) -> 159 | I17: =COUNTIF(F5:F14,"Finance") -> 3 | J17: =AVERAGEIF(F3:F12,F5,D3:D12) -> 53
C18: Count | D18: =COUNT(D3:D12) -> 10

Sheet Grades_sheet
A1: Min Score | B1: Grade | C1: Departments
A2: 0 | B2: F | C2: HR
A3: 45 | B3: D | C3: Tech
A4: 50 | B4: C | C4: Finance
A5: 60 | B5: B
A6: 70 | B6: A

Sheet Pivot_tables
A3: Row Labels | B3: Average of Score | C3: Count of Score
A4: Finance | B4: 53 | C4: 3
A5: HR | B5: 57.75 | C5: 4
A6: Tech | B6: 59.333333 | C6: 3
A7: Grand Total | B7: 56.8 | C7: 10

Sheet Dashboard
A1: STUDENT PERFORMANCE
A2: Total Students | B2: Average Score | C2: Pass Rate | D2: Top Department | K2: Department | L2: Avg Score
A3: =COUNTA(S_P_D!A2:A12) -> 11 | B3: =AVERAGE(S_P_D!D3:D12) -> 56.8 | C3: {=COUNTIF(Score,">=50")/COUNT(Score)*100} -> 60 | D3: =INDEX(Pivot_tables!A4:A6,MATCH(MAX(Pivot_tables!B4:B6),Pivot_tables!B4:B6,0)) -> Tech | K3: HR | L3: =GETPIVOTDATA("Average of Score",Pivot_tables!$A$3,"Department","Finance") -> 53
K4: Finance | L4: =GETPIVOTDATA("Average of Score",Pivot_tables!$A$3,"Department","HR") -> 57.75
K5: Tech | L5: =GETPIVOTDATA("Average of Score",Pivot_tables!$A$3,"Department","Tech") -> 59.333333
